,from_author,to_author,year,times,author_x,from_author_node_attr,author_y,to_author_node_attr
4487,32053901,1912451809,2013,1,32053901,majority,1912451809,minority
4488,32053901,2112002542,2013,1,32053901,majority,2112002542,minority
5647,41595396,56327757,2014,1,41595396,majority,56327757,majority
5648,41595396,1591126234,2014,1,41595396,majority,1591126234,minority
5649,41595396,1912451809,2014,1,41595396,majority,1912451809,minority
5650,41595396,1967711289,2014,1,41595396,majority,1967711289,majority
5651,41595396,2096675187,2014,1,41595396,majority,2096675187,minority
5652,41595396,2111708304,2014,1,41595396,majority,2111708304,majority
5653,41595396,2111782228,2014,1,41595396,majority,2111782228,minority
5654,41595396,2112002542,2014,1,41595396,majority,2112002542,minority
5655,41595396,2120094704,2014,1,41595396,majority,2120094704,minority
5656,41595396,2121884963,2014,1,41595396,majority,2121884963,majority
5657,41595396,2125462828,2014,1,41595396,majority,2125462828,majority
5658,41595396,2136331769,2014,1,41595396,majority,2136331769,majority
5659,41595396,2147255737,2014,1,41595396,majority,2147255737,majority
5660,41595396,2168674890,2014,1,41595396,majority,2168674890,majority
5661,41595396,2178916044,2014,1,41595396,majority,2178916044,majority
5662,41595396,2252633060,2014,1,41595396,majority,2252633060,majority
5663,41595396,2337005930,2014,1,41595396,majority,2337005930,minority
5664,41595396,2557949081,2014,1,41595396,majority,2557949081,majority
5665,41595396,2597728224,2014,1,41595396,majority,2597728224,majority
5666,41595396,2799222587,2014,1,41595396,majority,2799222587,minority
5987,43326146,43326146,2009,1,43326146,majority,43326146,majority
5988,43326146,43326146,2012,3,43326146,majority,43326146,majority
5998,43326146,1376746005,2012,1,43326146,majority,1376746005,majority
5999,43326146,1912451809,2012,1,43326146,majority,1912451809,minority
6001,43326146,1964600927,2012,1,43326146,majority,1964600927,majority
6015,43326146,2111782228,2012,1,43326146,majority,2111782228,minority
6017,43326146,2120094704,2009,1,43326146,majority,2120094704,minority
6018,43326146,2120094704,2012,1,43326146,majority,2120094704,minority
6024,43326146,2141751611,2012,1,43326146,majority,2141751611,majority
6025,43326146,2144249687,2009,1,43326146,majority,2144249687,majority
6026,43326146,2144249687,2012,2,43326146,majority,2144249687,majority
6033,43326146,2156123980,2012,1,43326146,majority,2156123980,minority
6051,43326146,2337005930,2012,1,43326146,majority,2337005930,minority
7958,56327757,1591126234,2013,1,56327757,majority,1591126234,minority
7961,56327757,1912451809,2013,1,56327757,majority,1912451809,minority
7962,56327757,1912451809,2014,1,56327757,majority,1912451809,minority
7963,56327757,2071502217,2013,1,56327757,majority,2071502217,majority
7966,56327757,2111782228,2013,1,56327757,majority,2111782228,minority
7967,56327757,2111782228,2014,2,56327757,majority,2111782228,minority
7968,56327757,2120094704,2013,1,56327757,majority,2120094704,minority
7969,56327757,2120094704,2014,1,56327757,majority,2120094704,minority
7970,56327757,2125462828,2013,1,56327757,majority,2125462828,majority
7971,56327757,2125462828,2014,1,56327757,majority,2125462828,majority
7972,56327757,2147255737,2013,1,56327757,majority,2147255737,majority
7973,56327757,2147255737,2014,1,56327757,majority,2147255737,majority
7975,56327757,2168674890,2013,1,56327757,majority,2168674890,majority
7976,56327757,2168674890,2014,1,56327757,majority,2168674890,majority
7977,56327757,2172143840,2013,1,56327757,majority,2172143840,majority
7978,56327757,2172143840,2014,1,56327757,majority,2172143840,majority
7979,56327757,2178916044,2014,1,56327757,majority,2178916044,majority
7980,56327757,2233085770,2014,1,56327757,majority,2233085770,minority
7983,56327757,2337005930,2013,1,56327757,majority,2337005930,minority
7984,56327757,2337005930,2014,1,56327757,majority,2337005930,minority
7985,56327757,2557949081,2014,1,56327757,majority,2557949081,majority
8748,60985993,60985993,1994,1,60985993,minority,60985993,minority
8749,60985993,60985993,2004,1,60985993,minority,60985993,minority
8750,60985993,60985993,2006,1,60985993,minority,60985993,minority
8751,60985993,60985993,2012,1,60985993,minority,60985993,minority
8752,60985993,60985993,2016,1,60985993,minority,60985993,minority
8755,60985993,1964600927,2016,1,60985993,minority,1964600927,majority
8760,60985993,2041863746,2005,1,60985993,minority,2041863746,minority
8761,60985993,2042729121,2016,1,60985993,minority,2042729121,minority
8766,60985993,2102276336,1993,2,60985993,minority,2102276336,minority
8767,60985993,2102276336,2004,1,60985993,minority,2102276336,minority
8768,60985993,2102276336,2016,1,60985993,minority,2102276336,minority
8780,60985993,2146568738,2004,1,60985993,minority,2146568738,minority
8789,60985993,2253773494,2016,1,60985993,minority,2253773494,majority
10355,72120904,56327757,2014,1,72120904,majority,56327757,majority
10356,72120904,1591126234,2014,1,72120904,majority,1591126234,minority
10357,72120904,1912451809,2014,1,72120904,majority,1912451809,minority
10358,72120904,1967711289,2014,1,72120904,majority,1967711289,majority
10359,72120904,2096675187,2014,1,72120904,majority,2096675187,minority
10360,72120904,2111708304,2014,1,72120904,majority,2111708304,majority
10361,72120904,2111782228,2014,1,72120904,majority,2111782228,minority
10362,72120904,2112002542,2014,1,72120904,majority,2112002542,minority
10363,72120904,2120094704,2014,1,72120904,majority,2120094704,minority
10364,72120904,2121884963,2014,1,72120904,majority,2121884963,majority
10365,72120904,2125462828,2014,1,72120904,majority,2125462828,majority
10366,72120904,2136331769,2014,1,72120904,majority,2136331769,majority
10367,72120904,2147255737,2014,1,72120904,majority,2147255737,majority
10368,72120904,2168674890,2014,1,72120904,majority,2168674890,majority
10369,72120904,2178916044,2014,1,72120904,majority,2178916044,majority
10370,72120904,2252633060,2014,1,72120904,majority,2252633060,majority
10371,72120904,2337005930,2014,1,72120904,majority,2337005930,minority
10372,72120904,2557949081,2014,1,72120904,majority,2557949081,majority
10373,72120904,2597728224,2014,1,72120904,majority,2597728224,majority
10374,72120904,2799222587,2014,1,72120904,majority,2799222587,minority
12141,82759890,1964600927,2003,1,82759890,majority,1964600927,majority
12142,82759890,2096675187,2003,1,82759890,majority,2096675187,minority
12143,82759890,2111782228,2003,1,82759890,majority,2111782228,minority
12144,82759890,2253773494,2003,1,82759890,majority,2253773494,majority
19695,127619810,1912451809,2013,1,127619810,majority,1912451809,minority
19696,127619810,2112002542,2013,1,127619810,majority,2112002542,minority
22790,144573008,1912451809,2004,1,144573008,minority,1912451809,minority
22791,144573008,2111782228,2004,1,144573008,minority,2111782228,minority
22792,144573008,2172143840,2004,1,144573008,minority,2172143840,majority
23218,147601817,147601817,2011,1,147601817,majority,147601817,majority
23219,147601817,147601817,2016,1,147601817,majority,147601817,majority
23221,147601817,227627045,2016,1,147601817,majority,227627045,majority
23236,147601817,1912451809,2011,1,147601817,majority,1912451809,minority
23276,147601817,2111782228,2011,2,147601817,majority,2111782228,minority
23278,147601817,2120094704,2011,1,147601817,majority,2120094704,minority
23279,147601817,2121363881,2016,1,147601817,majority,2121363881,majority
23327,147601817,2337005930,2011,1,147601817,majority,2337005930,minority
26496,171652256,56327757,2014,1,171652256,majority,56327757,majority
26497,171652256,1591126234,2014,1,171652256,majority,1591126234,minority
26500,171652256,1912451809,2014,2,171652256,majority,1912451809,minority
26501,171652256,1967711289,2014,1,171652256,majority,1967711289,majority
26503,171652256,2096675187,2014,1,171652256,majority,2096675187,minority
26504,171652256,2111708304,2014,1,171652256,majority,2111708304,majority
26505,171652256,2111782228,2014,3,171652256,majority,2111782228,minority
26506,171652256,2112002542,2014,1,171652256,majority,2112002542,minority
26507,171652256,2120094704,2014,2,171652256,majority,2120094704,minority
26508,171652256,2121884963,2014,1,171652256,majority,2121884963,majority
26509,171652256,2125462828,2014,2,171652256,majority,2125462828,majority
26510,171652256,2136331769,2014,1,171652256,majority,2136331769,majority
26511,171652256,2147255737,2014,2,171652256,majority,2147255737,majority
26513,171652256,2168674890,2014,2,171652256,majority,2168674890,majority
26514,171652256,2172143840,2014,1,171652256,majority,2172143840,majority
26515,171652256,2178916044,2014,2,171652256,majority,2178916044,majority
26516,171652256,2233085770,2014,1,171652256,majority,2233085770,minority
26517,171652256,2252633060,2014,1,171652256,majority,2252633060,majority
26518,171652256,2337005930,2014,2,171652256,majority,2337005930,minority
26519,171652256,2557949081,2014,2,171652256,majority,2557949081,majority
26521,171652256,2597728224,2014,1,171652256,majority,2597728224,majority
26522,171652256,2799222587,2014,1,171652256,majority,2799222587,minority
30839,196730593,196730593,2009,1,196730593,majority,196730593,majority
30844,196730593,1376746005,2016,1,196730593,majority,1376746005,majority
30851,196730593,1912451809,2009,1,196730593,majority,1912451809,minority
30858,196730593,1989569716,2016,1,196730593,majority,1989569716,minority
30862,196730593,2041863746,2009,5,196730593,majority,2041863746,minority
30900,196730593,2419756848,2009,1,196730593,majority,2419756848,majority
36054,227627045,227627045,2008,1,227627045,majority,227627045,majority
36056,227627045,1912451809,2008,1,227627045,majority,1912451809,minority
36058,227627045,2111782228,2008,1,227627045,majority,2111782228,minority
46874,293804883,293804883,2017,1,293804883,majority,293804883,majority
46882,293804883,1912451809,2017,1,293804883,majority,1912451809,minority
46890,293804883,2111782228,2017,1,293804883,majority,2111782228,minority
49982,316925404,316925404,2002,1,316925404,majority,316925404,majority
49983,316925404,316925404,2008,1,316925404,majority,316925404,majority
49984,316925404,316925404,2011,1,316925404,majority,316925404,majority
49991,316925404,1912451809,2011,1,316925404,majority,1912451809,minority
50006,316925404,2041863746,2011,1,316925404,majority,2041863746,minority
50007,316925404,2071502217,2011,1,316925404,majority,2071502217,majority
50012,316925404,2111782228,2011,1,316925404,majority,2111782228,minority
57857,418875257,1912451809,2018,1,418875257,majority,1912451809,minority
57859,418875257,2111782228,2018,2,418875257,majority,2111782228,minority
57862,418875257,2120094704,2018,1,418875257,majority,2120094704,minority
57866,418875257,2337005930,2018,1,418875257,majority,2337005930,minority
61822,634975034,1912451809,2016,1,634975034,minority,1912451809,minority
61824,634975034,2017384069,2016,1,634975034,minority,2017384069,majority
61826,634975034,2098470719,2016,1,634975034,minority,2098470719,minority
61828,634975034,2112002542,2016,1,634975034,minority,2112002542,minority
61836,634975034,2612555596,2016,1,634975034,minority,2612555596,minority
62794,664354634,1912451809,2009,2,664354634,majority,1912451809,minority
62795,664354634,1964600927,2009,1,664354634,majority,1964600927,majority
62797,664354634,2017538498,2009,2,664354634,majority,2017538498,minority
62806,664354634,2111782228,2009,4,664354634,majority,2111782228,minority
62808,664354634,2120094704,2009,1,664354634,majority,2120094704,minority
62810,664354634,2135122811,2009,1,664354634,majority,2135122811,minority
62816,664354634,2337005930,2009,1,664354634,majority,2337005930,minority
62817,664354634,2342740520,2009,1,664354634,majority,2342740520,minority
66025,704778929,1912451809,2006,1,704778929,majority,1912451809,minority
66029,704778929,2017538498,2006,1,704778929,majority,2017538498,minority
66035,704778929,2111782228,2006,2,704778929,majority,2111782228,minority
66052,704778929,2172143840,2006,1,704778929,majority,2172143840,majority
66054,704778929,2193251817,2008,1,704778929,majority,2193251817,majority
69241,743873671,743873671,2006,1,743873671,majority,743873671,majority
69242,743873671,743873671,2009,1,743873671,majority,743873671,majority
69245,743873671,1912451809,2005,1,743873671,majority,1912451809,minority
69252,743873671,2041863746,2005,1,743873671,majority,2041863746,minority
69253,743873671,2041863746,2006,3,743873671,majority,2041863746,minority
69259,743873671,2071502217,2009,1,743873671,majority,2071502217,majority
69275,743873671,2135405657,2005,1,743873671,majority,2135405657,minority
69276,743873671,2135405657,2006,1,743873671,majority,2135405657,minority
69278,743873671,2140423565,2006,1,743873671,majority,2140423565,majority
69279,743873671,2140423565,2009,1,743873671,majority,2140423565,majority
69290,743873671,2233085770,2006,2,743873671,majority,2233085770,minority
69293,743873671,2303827610,2006,1,743873671,majority,2303827610,majority
75207,1160122508,60985993,2008,1,1160122508,majority,60985993,minority
75209,1160122508,1912451809,2008,1,1160122508,majority,1912451809,minority
75212,1160122508,2111782228,2008,1,1160122508,majority,2111782228,minority
80130,1259714325,1259714325,2014,1,1259714325,majority,1259714325,majority
80132,1259714325,1912451809,2014,1,1259714325,majority,1912451809,minority
80134,1259714325,2111782228,2014,1,1259714325,majority,2111782228,minority
83009,1376746005,60985993,2015,5,1376746005,majority,60985993,minority
83010,1376746005,60985993,2017,1,1376746005,majority,60985993,minority
83031,1376746005,1376746005,1998,1,1376746005,majority,1376746005,majority
83032,1376746005,1376746005,1999,1,1376746005,majority,1376746005,majority
83033,1376746005,1376746005,2000,1,1376746005,majority,1376746005,majority
83034,1376746005,1376746005,2001,2,1376746005,majority,1376746005,majority
83035,1376746005,1376746005,2003,3,1376746005,majority,1376746005,majority
83036,1376746005,1376746005,2011,1,1376746005,majority,1376746005,majority
83037,1376746005,1376746005,2015,2,1376746005,majority,1376746005,majority
83038,1376746005,1376746005,2017,2,1376746005,majority,1376746005,majority
83044,1376746005,1680369138,2017,1,1376746005,majority,1680369138,minority
83055,1376746005,1912451809,2015,1,1376746005,majority,1912451809,minority
83062,1376746005,1964600927,2003,1,1376746005,majority,1964600927,majority
83071,1376746005,1989569716,2000,1,1376746005,majority,1989569716,minority
83072,1376746005,1989569716,2001,1,1376746005,majority,1989569716,minority
83073,1376746005,1989569716,2003,2,1376746005,majority,1989569716,minority
83074,1376746005,1989569716,2011,1,1376746005,majority,1989569716,minority
83075,1376746005,1989569716,2015,1,1376746005,majority,1989569716,minority
83076,1376746005,1989569716,2017,2,1376746005,majority,1989569716,minority
83080,1376746005,2017538498,2003,1,1376746005,majority,2017538498,minority
83081,1376746005,2017538498,2015,1,1376746005,majority,2017538498,minority
83087,1376746005,2041863746,2003,2,1376746005,majority,2041863746,minority
83088,1376746005,2041863746,2015,1,1376746005,majority,2041863746,minority
83089,1376746005,2041863746,2017,1,1376746005,majority,2041863746,minority
83090,1376746005,2042729121,2015,1,1376746005,majority,2042729121,minority
83097,1376746005,2084255225,2012,2,1376746005,majority,2084255225,majority
83105,1376746005,2102276336,2015,1,1376746005,majority,2102276336,minority
83114,1376746005,2111782228,2015,1,1376746005,majority,2111782228,minority
83139,1376746005,2135122811,2015,1,1376746005,majority,2135122811,minority
83192,1376746005,2213986484,2017,1,1376746005,majority,2213986484,minority
83198,1376746005,2253773494,2015,1,1376746005,majority,2253773494,majority
83199,1376746005,2253773494,2017,1,1376746005,majority,2253773494,majority
83208,1376746005,2342740520,2015,1,1376746005,majority,2342740520,minority
83209,1376746005,2413770250,2015,1,1376746005,majority,2413770250,majority
89805,1526857753,60985993,2017,1,1526857753,minority,60985993,minority
89806,1526857753,82759890,2012,1,1526857753,minority,82759890,majority
89809,1526857753,1526857753,2017,1,1526857753,minority,1526857753,minority
89811,1526857753,1912451809,2012,1,1526857753,minority,1912451809,minority
89812,1526857753,1964600927,2017,2,1526857753,minority,1964600927,majority
89813,1526857753,2041863746,2012,1,1526857753,minority,2041863746,minority
89814,1526857753,2102276336,2012,1,1526857753,minority,2102276336,minority
89816,1526857753,2117675149,2017,1,1526857753,minority,2117675149,minority
89819,1526857753,2156123980,2017,1,1526857753,minority,2156123980,minority
89823,1526857753,2170094633,2012,1,1526857753,minority,2170094633,minority
93126,1591126234,1591126234,2015,1,1591126234,minority,1591126234,minority
93127,1591126234,1912451809,2000,1,1591126234,minority,1912451809,minority
93133,1591126234,2111782228,2000,1,1591126234,minority,2111782228,minority
93136,1591126234,2120094704,2000,1,1591126234,minority,2120094704,minority
93145,1591126234,2337005930,2000,1,1591126234,minority,2337005930,minority
94680,1634169314,1912451809,2012,1,1634169314,majority,1912451809,minority
96141,1680369138,60985993,2015,5,1680369138,minority,60985993,minority
96145,1680369138,1376746005,2015,2,1680369138,minority,1376746005,majority
96148,1680369138,1912451809,2015,1,1680369138,minority,1912451809,minority
96150,1680369138,1989569716,2015,1,1680369138,minority,1989569716,minority
96152,1680369138,2017538498,2015,1,1680369138,minority,2017538498,minority
96154,1680369138,2041863746,2015,1,1680369138,minority,2041863746,minority
96155,1680369138,2042729121,2015,1,1680369138,minority,2042729121,minority
96161,1680369138,2102276336,2015,1,1680369138,minority,2102276336,minority
96163,1680369138,2111782228,2015,1,1680369138,minority,2111782228,minority
96168,1680369138,2135122811,2015,1,1680369138,minority,2135122811,minority
96175,1680369138,2253773494,2015,1,1680369138,minority,2253773494,majority
96180,1680369138,2342740520,2015,1,1680369138,minority,2342740520,minority
96181,1680369138,2413770250,2015,1,1680369138,minority,2413770250,majority
104979,1839883304,1526857753,2017,1,1839883304,minority,1526857753,minority
104982,1839883304,1912451809,2017,1,1839883304,minority,1912451809,minority
104983,1839883304,2042729121,2017,1,1839883304,minority,2042729121,minority
110664,1892353593,1912451809,2016,1,1892353593,majority,1912451809,minority
110670,1892353593,2017384069,2016,1,1892353593,majority,2017384069,majority
110672,1892353593,2041863746,2005,1,1892353593,majority,2041863746,minority
110677,1892353593,2098470719,2016,1,1892353593,majority,2098470719,minority
110681,1892353593,2112002542,2016,1,1892353593,majority,2112002542,minority
110698,1892353593,2612555596,2016,1,1892353593,majority,2612555596,minority
116370,1912451809,60985993,1997,2,1912451809,minority,60985993,minority
116371,1912451809,60985993,2009,1,1912451809,minority,60985993,minority
116372,1912451809,82759890,2009,1,1912451809,minority,82759890,majority
116373,1912451809,2041863746,1997,1,1912451809,minority,2041863746,minority
116374,1912451809,2096675187,2009,1,1912451809,minority,2096675187,minority
116375,1912451809,2102276336,2009,1,1912451809,minority,2102276336,minority
116376,1912451809,2111782228,1998,1,1912451809,minority,2111782228,minority
116377,1912451809,2111782228,2009,1,1912451809,minority,2111782228,minority
116378,1912451809,2118103072,2008,1,1912451809,minority,2118103072,minority
116379,1912451809,2156123980,2009,1,1912451809,minority,2156123980,minority
116380,1912451809,2170094633,2009,1,1912451809,minority,2170094633,minority
116381,1912451809,2233085770,1997,1,1912451809,minority,2233085770,minority
116382,1912451809,2253773494,1997,1,1912451809,minority,2253773494,majority
117267,1916474403,60985993,2001,1,1916474403,majority,60985993,minority
117275,1916474403,1912451809,2001,1,1916474403,majority,1912451809,minority
117276,1916474403,1916474403,2011,2,1916474403,majority,1916474403,majority
117286,1916474403,2111782228,2001,2,1916474403,majority,2111782228,minority
117288,1916474403,2118002645,2011,1,1916474403,majority,2118002645,majority
117300,1916474403,2172143840,2001,1,1916474403,majority,2172143840,majority
117306,1916474403,2252633060,2001,1,1916474403,majority,2252633060,majority
129262,1964600927,60985993,1999,4,1964600927,majority,60985993,minority
129263,1964600927,60985993,2000,2,1964600927,majority,60985993,minority
129264,1964600927,60985993,2001,1,1964600927,majority,60985993,minority
129265,1964600927,60985993,2009,1,1964600927,majority,60985993,minority
129266,1964600927,60985993,2013,1,1964600927,majority,60985993,minority
129267,1964600927,82759890,2009,1,1964600927,majority,82759890,majority
129278,1964600927,1912451809,2009,1,1964600927,majority,1912451809,minority
129279,1964600927,1964600927,2013,1,1964600927,majority,1964600927,majority
129284,1964600927,2041863746,2000,2,1964600927,majority,2041863746,minority
129285,1964600927,2042729121,2010,1,1964600927,majority,2042729121,minority
129291,1964600927,2096675187,2009,1,1964600927,majority,2096675187,minority
129293,1964600927,2102276336,1999,1,1964600927,majority,2102276336,minority
129294,1964600927,2102276336,2009,1,1964600927,majority,2102276336,minority
129303,1964600927,2111782228,2000,1,1964600927,majority,2111782228,minority
129304,1964600927,2111782228,2009,2,1964600927,majority,2111782228,minority
129310,1964600927,2120422662,1999,1,1964600927,majority,2120422662,minority
129325,1964600927,2156123980,2001,1,1964600927,majority,2156123980,minority
129326,1964600927,2156123980,2013,1,1964600927,majority,2156123980,minority
129333,1964600927,2170094633,2009,1,1964600927,majority,2170094633,minority
129342,1964600927,2252633060,2001,1,1964600927,majority,2252633060,majority
129343,1964600927,2253773494,1999,1,1964600927,majority,2253773494,majority
129350,1964600927,2337005930,1999,2,1964600927,majority,2337005930,minority
129351,1964600927,2337005930,2000,1,1964600927,majority,2337005930,minority
129352,1964600927,2337005930,2010,1,1964600927,majority,2337005930,minority
129353,1964600927,2337005930,2013,1,1964600927,majority,2337005930,minority
132297,1967711289,1591126234,2013,1,1967711289,majority,1591126234,minority
132298,1967711289,1912451809,2013,1,1967711289,majority,1912451809,minority
132299,1967711289,2071502217,2013,1,1967711289,majority,2071502217,majority
132301,1967711289,2111782228,2013,1,1967711289,majority,2111782228,minority
132302,1967711289,2120094704,2013,1,1967711289,majority,2120094704,minority
132303,1967711289,2125462828,2013,1,1967711289,majority,2125462828,majority
132304,1967711289,2147255737,2013,1,1967711289,majority,2147255737,majority
132305,1967711289,2168674890,2013,1,1967711289,majority,2168674890,majority
132306,1967711289,2172143840,2013,1,1967711289,majority,2172143840,majority
132309,1967711289,2337005930,2013,1,1967711289,majority,2337005930,minority
143273,1977182246,1912451809,2012,1,1977182246,majority,1912451809,minority
144237,1978532903,1912451809,2018,1,1978532903,majority,1912451809,minority
144240,1978532903,1964600927,2018,1,1978532903,majority,1964600927,majority
144255,1978532903,2111782228,2018,1,1978532903,majority,2111782228,minority
144270,1978532903,2156123980,2018,1,1978532903,majority,2156123980,minority
151765,1985241741,196730593,2009,1,1985241741,majority,196730593,majority
151769,1985241741,1912451809,2009,1,1985241741,majority,1912451809,minority
151779,1985241741,2041863746,2009,5,1985241741,majority,2041863746,minority
151813,1985241741,2419756848,2009,1,1985241741,majority,2419756848,majority
152146,1985433054,293804883,2017,1,1985433054,majority,293804883,majority
152150,1985433054,1912451809,2017,1,1985433054,majority,1912451809,minority
152156,1985433054,2111782228,2017,1,1985433054,majority,2111782228,minority
156245,1989569716,60985993,2015,5,1989569716,minority,60985993,minority
156258,1989569716,1376746005,1999,1,1989569716,minority,1376746005,majority
156259,1989569716,1376746005,2001,3,1989569716,minority,1376746005,majority
156260,1989569716,1376746005,2003,3,1989569716,minority,1376746005,majority
156261,1989569716,1376746005,2007,1,1989569716,minority,1376746005,majority
156262,1989569716,1376746005,2009,1,1989569716,minority,1376746005,majority
156263,1989569716,1376746005,2011,1,1989569716,minority,1376746005,majority
156264,1989569716,1376746005,2012,1,1989569716,minority,1376746005,majority
156265,1989569716,1376746005,2015,2,1989569716,minority,1376746005,majority
156278,1989569716,1912451809,2015,1,1989569716,minority,1912451809,minority
156282,1989569716,1964600927,2001,1,1989569716,minority,1964600927,majority
156283,1989569716,1964600927,2003,1,1989569716,minority,1964600927,majority
156289,1989569716,1989569716,2001,2,1989569716,minority,1989569716,minority
156290,1989569716,1989569716,2003,2,1989569716,minority,1989569716,minority
156291,1989569716,1989569716,2007,1,1989569716,minority,1989569716,minority
156292,1989569716,1989569716,2009,1,1989569716,minority,1989569716,minority
156293,1989569716,1989569716,2011,1,1989569716,minority,1989569716,minority
156294,1989569716,1989569716,2015,1,1989569716,minority,1989569716,minority
156297,1989569716,2017538498,2003,1,1989569716,minority,2017538498,minority
156298,1989569716,2017538498,2015,1,1989569716,minority,2017538498,minority
156305,1989569716,2041863746,2003,2,1989569716,minority,2041863746,minority
156306,1989569716,2041863746,2015,1,1989569716,minority,2041863746,minority
156307,1989569716,2042729121,2015,1,1989569716,minority,2042729121,minority
156318,1989569716,2102276336,2007,1,1989569716,minority,2102276336,minority
156319,1989569716,2102276336,2015,1,1989569716,minority,2102276336,minority
156324,1989569716,2111782228,2015,1,1989569716,minority,2111782228,minority
156346,1989569716,2135122811,2015,1,1989569716,minority,2135122811,minority
156375,1989569716,2253773494,2015,1,1989569716,minority,2253773494,majority
156381,1989569716,2342740520,2015,1,1989569716,minority,2342740520,minority
156382,1989569716,2413770250,2015,1,1989569716,minority,2413770250,majority
156518,1989734784,60985993,2014,3,1989734784,minority,60985993,minority
156521,1989734784,1526857753,2014,1,1989734784,minority,1526857753,minority
156522,1989734784,1912451809,2014,1,1989734784,minority,1912451809,minority
156524,1989734784,2117040204,2014,1,1989734784,minority,2117040204,minority
169119,2001828811,316925404,2011,1,2001828811,majority,316925404,majority
169120,2001828811,316925404,2017,1,2001828811,majority,316925404,majority
169127,2001828811,1912451809,2011,1,2001828811,majority,1912451809,minority
169134,2001828811,2001828811,2017,1,2001828811,majority,2001828811,majority
169141,2001828811,2041863746,2011,1,2001828811,majority,2041863746,minority
169143,2001828811,2071502217,2011,1,2001828811,majority,2071502217,majority
169147,2001828811,2111782228,2011,1,2001828811,majority,2111782228,minority
184056,2017384069,60985993,2013,1,2017384069,majority,60985993,minority
184061,2017384069,1912451809,2008,1,2017384069,majority,1912451809,minority
184067,2017384069,2111782228,2008,1,2017384069,majority,2111782228,minority
184068,2017384069,2112002542,2013,1,2017384069,majority,2112002542,minority
184074,2017384069,2156123980,2013,1,2017384069,majority,2156123980,minority
184143,2017538498,1912451809,2000,1,2017538498,minority,1912451809,minority
184144,2017538498,2017538498,1993,3,2017538498,minority,2017538498,minority
184145,2017538498,2017538498,1995,1,2017538498,minority,2017538498,minority
184146,2017538498,2017538498,2005,1,2017538498,minority,2017538498,minority
184155,2017538498,2111782228,2000,2,2017538498,minority,2111782228,minority
184164,2017538498,2252633060,2000,1,2017538498,minority,2252633060,majority
187673,2021262266,60985993,2014,1,2021262266,majority,60985993,minority
187678,2021262266,1912451809,2014,1,2021262266,majority,1912451809,minority
187685,2021262266,2096045540,2014,1,2021262266,majority,2096045540,minority
187687,2021262266,2111782228,2014,1,2021262266,majority,2111782228,minority
187688,2021262266,2112253626,2014,1,2021262266,majority,2112253626,majority
187708,2021262266,2872500995,2014,1,2021262266,majority,2872500995,majority
191114,2025285517,1912451809,2016,1,2025285517,minority,1912451809,minority
191116,2025285517,2017384069,2016,1,2025285517,minority,2017384069,majority
191118,2025285517,2098470719,2016,1,2025285517,minority,2098470719,minority
191120,2025285517,2112002542,2016,1,2025285517,minority,2112002542,minority
191128,2025285517,2612555596,2016,1,2025285517,minority,2612555596,minority
192247,2027039592,1912451809,2006,1,2027039592,minority,1912451809,minority
192249,2027039592,2027039592,1994,1,2027039592,minority,2027039592,minority
192250,2027039592,2042729121,2006,1,2027039592,minority,2042729121,minority
192253,2027039592,2102276336,1994,1,2027039592,minority,2102276336,minority
192255,2027039592,2111782228,2006,2,2027039592,minority,2111782228,minority
192256,2027039592,2120094704,1994,1,2027039592,minority,2120094704,minority
192266,2027039592,2337005930,1994,1,2027039592,minority,2337005930,minority
204523,2041589128,60985993,2017,1,2041589128,majority,60985993,minority
204526,2041589128,1526857753,2017,1,2041589128,majority,1526857753,minority
204527,2041589128,1839883304,2017,1,2041589128,majority,1839883304,minority
204528,2041589128,1912451809,2017,1,2041589128,majority,1912451809,minority
204531,2041589128,2042729121,2017,1,2041589128,majority,2042729121,minority
204532,2041589128,2117040204,2017,1,2041589128,majority,2117040204,minority
204536,2041589128,2199775240,2017,1,2041589128,majority,2199775240,majority
204541,2041589128,2413770250,2017,1,2041589128,majority,2413770250,majority
204974,2041863746,60985993,1996,1,2041863746,minority,60985993,minority
205008,2041863746,2017538498,2002,1,2041863746,minority,2017538498,minority
205013,2041863746,2041863746,1990,2,2041863746,minority,2041863746,minority
205014,2041863746,2041863746,1996,4,2041863746,minority,2041863746,minority
205015,2041863746,2041863746,2002,3,2041863746,minority,2041863746,minority
205016,2041863746,2041863746,2010,10,2041863746,minority,2041863746,minority
205017,2041863746,2041863746,2011,1,2041863746,minority,2041863746,minority
205018,2041863746,2041863746,2013,7,2041863746,minority,2041863746,minority
205046,2041863746,2120094704,1996,1,2041863746,minority,2120094704,minority
205092,2041863746,2233085770,1990,1,2041863746,minority,2233085770,minority
205108,2041863746,2337005930,2002,1,2041863746,minority,2337005930,minority
205745,2042729121,60985993,1998,1,2042729121,minority,60985993,minority
205746,2042729121,60985993,2010,2,2042729121,minority,60985993,minority
205750,2042729121,1160122508,2010,1,2042729121,minority,1160122508,majority
205751,2042729121,1526857753,2017,1,2042729121,minority,1526857753,minority
205752,2042729121,1591126234,2010,1,2042729121,minority,1591126234,minority
205763,2042729121,1912451809,2017,1,2042729121,minority,1912451809,minority
205772,2042729121,2027039592,2010,1,2042729121,minority,2027039592,minority
205773,2042729121,2042729121,2002,1,2042729121,minority,2042729121,minority
205774,2042729121,2042729121,2010,2,2042729121,minority,2042729121,minority
205775,2042729121,2042729121,2017,1,2042729121,minority,2042729121,minority
205778,2042729121,2096675187,2010,1,2042729121,minority,2096675187,minority
205780,2042729121,2102276336,2010,1,2042729121,minority,2102276336,minority
205785,2042729121,2112480699,2010,1,2042729121,minority,2112480699,majority
205798,2042729121,2146454536,2010,1,2042729121,minority,2146454536,minority
205801,2042729121,2156123980,2010,1,2042729121,minority,2156123980,minority
205808,2042729121,2172143840,2015,2,2042729121,minority,2172143840,majority
205809,2042729121,2176263274,2010,1,2042729121,minority,2176263274,majority
205819,2042729121,2235985702,2002,1,2042729121,minority,2235985702,minority
205820,2042729121,2235985702,2010,3,2042729121,minority,2235985702,minority
205823,2042729121,2252633060,2002,1,2042729121,minority,2252633060,majority
205824,2042729121,2252633060,2010,1,2042729121,minority,2252633060,majority
205830,2042729121,2413770250,2015,2,2042729121,minority,2413770250,majority
207546,2044539763,1912451809,2016,1,2044539763,majority,1912451809,minority
207558,2044539763,2111782228,2016,1,2044539763,majority,2111782228,minority
207568,2044539763,2172143840,2016,1,2044539763,majority,2172143840,majority
210133,2046872342,1912451809,2016,1,2046872342,majority,1912451809,minority
212615,2050510772,1912451809,2018,1,2050510772,majority,1912451809,minority
212619,2050510772,2111782228,2018,2,2050510772,majority,2111782228,minority
212622,2050510772,2120094704,2018,1,2050510772,majority,2120094704,minority
212627,2050510772,2337005930,2018,1,2050510772,majority,2337005930,minority
218524,2058573099,1912451809,2017,1,2058573099,majority,1912451809,minority
218530,2058573099,2111782228,2017,1,2058573099,majority,2111782228,minority
227131,2069134025,60985993,2014,1,2069134025,majority,60985993,minority
227137,2069134025,1912451809,2014,1,2069134025,majority,1912451809,minority
227147,2069134025,2096045540,2014,1,2069134025,majority,2096045540,minority
227150,2069134025,2111782228,2006,1,2069134025,majority,2111782228,minority
227151,2069134025,2111782228,2014,1,2069134025,majority,2111782228,minority
227152,2069134025,2112253626,2014,1,2069134025,majority,2112253626,majority
227179,2069134025,2872500995,2014,1,2069134025,majority,2872500995,majority
228881,2071502217,1591126234,2005,1,2071502217,majority,1591126234,minority
228883,2071502217,1912451809,2005,1,2071502217,majority,1912451809,minority
228884,2071502217,1916474403,2005,1,2071502217,majority,1916474403,majority
228895,2071502217,2071502217,2011,2,2071502217,majority,2071502217,majority
228896,2071502217,2071502217,2016,1,2071502217,majority,2071502217,majority
228901,2071502217,2111782228,2005,2,2071502217,majority,2111782228,minority
228902,2071502217,2112002542,2011,1,2071502217,majority,2112002542,minority
228914,2071502217,2172143840,2005,1,2071502217,majority,2172143840,majority
228915,2071502217,2172143840,2011,1,2071502217,majority,2172143840,majority
228924,2071502217,2337005930,2005,1,2071502217,majority,2337005930,minority
229474,2071968966,1591126234,2019,1,2071968966,majority,1591126234,minority
229475,2071968966,1912451809,2019,1,2071968966,majority,1912451809,minority
229477,2071968966,2071502217,2019,1,2071968966,majority,2071502217,majority
229479,2071968966,2111782228,2019,1,2071968966,majority,2111782228,minority
229483,2071968966,2172143840,2019,1,2071968966,majority,2172143840,majority
240961,2084255225,1912451809,2018,1,2084255225,majority,1912451809,minority
240967,2084255225,1964600927,2018,1,2084255225,majority,1964600927,majority
240985,2084255225,2084255225,2019,1,2084255225,majority,2084255225,majority
240997,2084255225,2111782228,2018,1,2084255225,majority,2111782228,minority
241033,2084255225,2156123980,2018,1,2084255225,majority,2156123980,minority
250827,2096045540,60985993,2007,1,2096045540,minority,60985993,minority
250831,2096045540,1912451809,2007,1,2096045540,minority,1912451809,minority
250832,2096045540,1916474403,2007,1,2096045540,minority,1916474403,majority
250837,2096045540,2111782228,2007,2,2096045540,minority,2111782228,minority
250841,2096045540,2172143840,2007,1,2096045540,minority,2172143840,majority
252545,2096569845,1591126234,2019,1,2096569845,majority,1591126234,minority
252546,2096569845,1912451809,2019,1,2096569845,majority,1912451809,minority
252547,2096569845,2071502217,2019,1,2096569845,majority,2071502217,majority
252549,2096569845,2111782228,2019,1,2096569845,majority,2111782228,minority
252553,2096569845,2172143840,2019,1,2096569845,majority,2172143840,majority
253057,2096675187,2041863746,2008,1,2096675187,minority,2041863746,minority
253060,2096675187,2096675187,2008,2,2096675187,minority,2096675187,minority
258246,2098470719,60985993,2014,1,2098470719,minority,60985993,minority
258250,2098470719,1912451809,2014,2,2098470719,minority,1912451809,minority
258255,2098470719,2041863746,2014,4,2098470719,minority,2041863746,minority
258257,2098470719,2102276336,2014,1,2098470719,minority,2102276336,minority
258258,2098470719,2111782228,2014,1,2098470719,minority,2111782228,minority
258263,2098470719,2146568738,2014,1,2098470719,minority,2146568738,minority
258267,2098470719,2156123980,2014,1,2098470719,minority,2156123980,minority
267705,2101591686,1912451809,2009,1,2101591686,majority,1912451809,minority
267706,2101591686,1964600927,2009,1,2101591686,majority,1964600927,majority
267707,2101591686,2017538498,2009,1,2101591686,majority,2017538498,minority
267708,2101591686,2102276336,2012,1,2101591686,majority,2102276336,minority
267710,2101591686,2111782228,2009,2,2101591686,majority,2111782228,minority
267711,2101591686,2120094704,2009,1,2101591686,majority,2120094704,minority
267715,2101591686,2252633060,2012,1,2101591686,majority,2252633060,majority
267716,2101591686,2253773494,2012,1,2101591686,majority,2253773494,majority
267718,2101591686,2337005930,2009,1,2101591686,majority,2337005930,minority
269194,2102276336,60985993,2002,1,2102276336,minority,60985993,minority
269195,2102276336,1964600927,2003,1,2102276336,minority,1964600927,majority
269198,2102276336,2096675187,2003,1,2102276336,minority,2096675187,minority
269199,2102276336,2102276336,1998,1,2102276336,minority,2102276336,minority
269200,2102276336,2102276336,2007,2,2102276336,minority,2102276336,minority
269201,2102276336,2102276336,2012,1,2102276336,minority,2102276336,minority
269203,2102276336,2111782228,2003,1,2102276336,minority,2111782228,minority
269212,2102276336,2253773494,2003,1,2102276336,minority,2253773494,majority
277768,2105370378,1912451809,2013,2,2105370378,majority,1912451809,minority
277772,2105370378,2105370378,2011,1,2105370378,majority,2105370378,majority
277773,2105370378,2105370378,2013,4,2105370378,majority,2105370378,majority
277774,2105370378,2105370378,2014,2,2105370378,majority,2105370378,majority
277775,2105370378,2111782228,2013,2,2105370378,majority,2111782228,minority
277776,2105370378,2120094704,2013,2,2105370378,majority,2120094704,minority
277785,2105370378,2337005930,2013,2,2105370378,majority,2337005930,minority
279024,2105948200,1912451809,2001,1,2105948200,minority,1912451809,minority
296756,2111708304,1591126234,2013,1,2111708304,majority,1591126234,minority
296759,2111708304,1912451809,2013,1,2111708304,majority,1912451809,minority
296760,2111708304,1912451809,2014,1,2111708304,majority,1912451809,minority
296761,2111708304,2071502217,2013,1,2111708304,majority,2071502217,majority
296764,2111708304,2111782228,2013,1,2111708304,majority,2111782228,minority
296765,2111708304,2111782228,2014,2,2111708304,majority,2111782228,minority
296766,2111708304,2120094704,2013,1,2111708304,majority,2120094704,minority
296767,2111708304,2120094704,2014,1,2111708304,majority,2120094704,minority
296768,2111708304,2125462828,2013,1,2111708304,majority,2125462828,majority
296769,2111708304,2125462828,2014,1,2111708304,majority,2125462828,majority
296770,2111708304,2147255737,2013,1,2111708304,majority,2147255737,majority
296771,2111708304,2147255737,2014,1,2111708304,majority,2147255737,majority
296773,2111708304,2168674890,2013,1,2111708304,majority,2168674890,majority
296774,2111708304,2168674890,2014,1,2111708304,majority,2168674890,majority
296775,2111708304,2172143840,2013,1,2111708304,majority,2172143840,majority
296776,2111708304,2172143840,2014,1,2111708304,majority,2172143840,majority
296777,2111708304,2178916044,2014,1,2111708304,majority,2178916044,majority
296778,2111708304,2233085770,2014,1,2111708304,majority,2233085770,minority
296781,2111708304,2337005930,2013,1,2111708304,majority,2337005930,minority
296782,2111708304,2337005930,2014,1,2111708304,majority,2337005930,minority
296783,2111708304,2557949081,2014,1,2111708304,majority,2557949081,majority
297372,2111782228,2111782228,1996,2,2111782228,minority,2111782228,minority
297373,2111782228,2111782228,1998,1,2111782228,minority,2111782228,minority
297859,2112002542,2041863746,2001,1,2112002542,minority,2041863746,minority
297860,2112002542,2041863746,2010,1,2112002542,minority,2041863746,minority
297863,2112002542,2071502217,2010,2,2112002542,minority,2071502217,majority
297871,2112002542,2112002542,2010,1,2112002542,minority,2112002542,minority
297872,2112002542,2112002542,2015,1,2112002542,minority,2112002542,minority
297875,2112002542,2121884963,2001,1,2112002542,minority,2121884963,majority
297884,2112002542,2172143840,2010,1,2112002542,minority,2172143840,majority
298410,2112253626,60985993,2007,1,2112253626,majority,60985993,minority
298414,2112253626,1912451809,2007,1,2112253626,majority,1912451809,minority
298415,2112253626,1916474403,2007,1,2112253626,majority,1916474403,majority
298420,2112253626,2111782228,2007,2,2112253626,majority,2111782228,minority
298424,2112253626,2172143840,2007,1,2112253626,majority,2172143840,majority
299056,2112480699,60985993,2008,1,2112480699,majority,60985993,minority
299058,2112480699,1912451809,2008,1,2112480699,majority,1912451809,minority
299061,2112480699,2111782228,2008,1,2112480699,majority,2111782228,minority
307121,2115006184,1912451809,2018,1,2115006184,majority,1912451809,minority
307122,2115006184,1916474403,2018,1,2115006184,majority,1916474403,majority
307126,2115006184,2041863746,2006,1,2115006184,majority,2041863746,minority
307128,2115006184,2071502217,2018,1,2115006184,majority,2071502217,majority
307131,2115006184,2111782228,2018,1,2115006184,majority,2111782228,minority
307139,2115006184,2172143840,2018,1,2115006184,majority,2172143840,majority
313153,2117040204,1912451809,2011,1,2117040204,minority,1912451809,minority
313154,2117040204,1964600927,2011,1,2117040204,minority,1964600927,majority
313163,2117040204,2156123980,2011,1,2117040204,minority,2156123980,minority
315236,2117675149,60985993,2009,1,2117675149,minority,60985993,minority
315237,2117675149,82759890,2009,1,2117675149,minority,82759890,majority
315239,2117675149,1912451809,2009,1,2117675149,minority,1912451809,minority
315240,2117675149,2096675187,2009,1,2117675149,minority,2096675187,minority
315241,2117675149,2102276336,2009,1,2117675149,minority,2102276336,minority
315242,2117675149,2111782228,2009,2,2117675149,minority,2111782228,minority
315244,2117675149,2170094633,2009,1,2117675149,minority,2170094633,minority
315942,2118002645,60985993,2014,1,2118002645,majority,60985993,minority
315970,2118002645,1912451809,2014,1,2118002645,majority,1912451809,minority
315988,2118002645,2071502217,2012,1,2118002645,majority,2071502217,majority
315999,2118002645,2096045540,2014,1,2118002645,majority,2096045540,minority
316011,2118002645,2111782228,2014,1,2118002645,majority,2111782228,minority
316012,2118002645,2112253626,2014,1,2118002645,majority,2112253626,majority
316016,2118002645,2118002645,2008,1,2118002645,majority,2118002645,majority
316058,2118002645,2172143840,2012,1,2118002645,majority,2172143840,majority
316119,2118002645,2872500995,2014,1,2118002645,majority,2872500995,majority
318770,2119155038,1526857753,2013,1,2119155038,majority,1526857753,minority
318772,2119155038,1912451809,2013,1,2119155038,majority,1912451809,minority
321208,2120094704,2120094704,2008,1,2120094704,minority,2120094704,minority
321785,2120422662,60985993,2005,1,2120422662,minority,60985993,minority
321786,2120422662,60985993,2009,1,2120422662,minority,60985993,minority
321793,2120422662,1912451809,2005,1,2120422662,minority,1912451809,minority
321794,2120422662,1916474403,2005,1,2120422662,minority,1916474403,majority
321795,2120422662,2041863746,2005,1,2120422662,minority,2041863746,minority
321804,2120422662,2111782228,2005,3,2120422662,minority,2111782228,minority
321805,2120422662,2112002542,2005,1,2120422662,minority,2112002542,minority
321809,2120422662,2120422662,2009,1,2120422662,minority,2120422662,minority
321811,2120422662,2121884963,2005,1,2120422662,minority,2121884963,majority
321813,2120422662,2156123980,2009,1,2120422662,minority,2156123980,minority
321823,2120422662,2235985702,2005,1,2120422662,minority,2235985702,minority
321825,2120422662,2252633060,2005,2,2120422662,minority,2252633060,majority
321826,2120422662,2252633060,2009,1,2120422662,minority,2252633060,majority
321830,2120422662,2337005930,2005,1,2120422662,minority,2337005930,minority
321833,2120422662,2586504754,2009,1,2120422662,minority,2586504754,majority
324854,2121363881,227627045,2008,1,2121363881,majority,227627045,majority
324856,2121363881,1912451809,2008,1,2121363881,majority,1912451809,minority
324859,2121363881,2111782228,2008,1,2121363881,majority,2111782228,minority
326346,2121884963,2041863746,2001,1,2121884963,majority,2041863746,minority
326347,2121884963,2071502217,2008,1,2121884963,majority,2071502217,majority
326353,2121884963,2121884963,2001,1,2121884963,majority,2121884963,majority
326365,2121884963,2172143840,2008,2,2121884963,majority,2172143840,majority
326715,2122091432,1912451809,2014,1,2122091432,majority,1912451809,minority
326732,2122091432,2041863746,2013,1,2122091432,majority,2041863746,minority
326740,2122091432,2071502217,2014,1,2122091432,majority,2071502217,majority
326743,2122091432,2096675187,2013,1,2122091432,majority,2096675187,minority
326748,2122091432,2102276336,2006,1,2122091432,majority,2102276336,minority
326750,2122091432,2111782228,2014,1,2122091432,majority,2111782228,minority
326751,2122091432,2122091432,2009,1,2122091432,majority,2122091432,majority
326761,2122091432,2133168882,2014,1,2122091432,majority,2133168882,majority
327271,2122225837,82759890,2010,1,2122225837,majority,82759890,majority
327275,2122225837,1591126234,2010,1,2122225837,majority,1591126234,minority
327276,2122225837,1912451809,2010,1,2122225837,majority,1912451809,minority
327278,2122225837,2102276336,2010,1,2122225837,majority,2102276336,minority
327281,2122225837,2111782228,2010,1,2122225837,majority,2111782228,minority
327282,2122225837,2120094704,2010,1,2122225837,majority,2120094704,minority
327283,2122225837,2122225837,2011,1,2122225837,majority,2122225837,majority
327284,2122225837,2125462828,2011,1,2122225837,majority,2125462828,majority
327285,2122225837,2147255737,2011,1,2122225837,majority,2147255737,majority
327286,2122225837,2154142080,2011,1,2122225837,majority,2154142080,majority
327287,2122225837,2168674890,2011,1,2122225837,majority,2168674890,majority
327288,2122225837,2170094633,2010,1,2122225837,majority,2170094633,minority
327290,2122225837,2337005930,2010,1,2122225837,majority,2337005930,minority
327293,2122225837,2781427284,2011,1,2122225837,majority,2781427284,majority
335317,2124983669,82759890,2014,1,2124983669,minority,82759890,majority
335321,2124983669,1912451809,2014,1,2124983669,minority,1912451809,minority
335327,2124983669,2102276336,2014,1,2124983669,minority,2102276336,minority
335332,2124983669,2120094704,2014,1,2124983669,minority,2120094704,minority
335336,2124983669,2146568738,2014,3,2124983669,minority,2146568738,minority
335337,2124983669,2170094633,2014,1,2124983669,minority,2170094633,minority
335344,2124983669,2337005930,2014,1,2124983669,minority,2337005930,minority
336795,2125462828,82759890,2010,1,2125462828,majority,82759890,majority
336797,2125462828,1591126234,2010,1,2125462828,majority,1591126234,minority
336798,2125462828,1912451809,2010,1,2125462828,majority,1912451809,minority
336799,2125462828,2041863746,2010,1,2125462828,majority,2041863746,minority
336800,2125462828,2102276336,2010,1,2125462828,majority,2102276336,minority
336801,2125462828,2111782228,2010,1,2125462828,majority,2111782228,minority
336802,2125462828,2170094633,2010,1,2125462828,majority,2170094633,minority
343578,2128109504,1912451809,2009,1,2128109504,majority,1912451809,minority
343602,2128109504,2071502217,2016,1,2128109504,majority,2071502217,majority
343612,2128109504,2111782228,2009,1,2128109504,majority,2111782228,minority
343628,2128109504,2128109504,2006,1,2128109504,majority,2128109504,majority
343629,2128109504,2128109504,2008,4,2128109504,majority,2128109504,majority
343630,2128109504,2128109504,2009,5,2128109504,majority,2128109504,majority
343631,2128109504,2128109504,2012,5,2128109504,majority,2128109504,majority
343632,2128109504,2128109504,2013,7,2128109504,majority,2128109504,majority
343633,2128109504,2128109504,2014,4,2128109504,majority,2128109504,majority
343634,2128109504,2128109504,2015,4,2128109504,majority,2128109504,majority
343635,2128109504,2128109504,2017,3,2128109504,majority,2128109504,majority
343654,2128109504,2163996685,2006,1,2128109504,majority,2163996685,majority
343655,2128109504,2163996685,2013,1,2128109504,majority,2163996685,majority
343680,2128109504,2468683887,2006,1,2128109504,majority,2468683887,majority
343681,2128109504,2468683887,2009,1,2128109504,majority,2468683887,majority
343682,2128109504,2468683887,2013,1,2128109504,majority,2468683887,majority
343683,2128109504,2468683887,2015,1,2128109504,majority,2468683887,majority
343684,2128109504,2468683887,2017,1,2128109504,majority,2468683887,majority
357449,2132694192,82759890,2014,2,2132694192,majority,82759890,majority
357453,2132694192,1912451809,2014,2,2132694192,majority,1912451809,minority
357461,2132694192,2102276336,2014,2,2132694192,majority,2102276336,minority
357464,2132694192,2120094704,2014,2,2132694192,majority,2120094704,minority
357467,2132694192,2146568738,2014,6,2132694192,majority,2146568738,minority
357469,2132694192,2170094633,2014,2,2132694192,majority,2170094633,minority
357472,2132694192,2253773494,2003,1,2132694192,majority,2253773494,majority
357478,2132694192,2337005930,2014,2,2132694192,majority,2337005930,minority
358730,2133168882,1912451809,2014,1,2133168882,majority,1912451809,minority
358747,2133168882,2111782228,2014,1,2133168882,majority,2111782228,minority
358749,2133168882,2122091432,2016,1,2133168882,majority,2122091432,majority
358753,2133168882,2133168882,2014,1,2133168882,majority,2133168882,majority
358754,2133168882,2133168882,2016,3,2133168882,majority,2133168882,majority
358757,2133168882,2155057746,2016,2,2133168882,majority,2155057746,majority
360938,2133837485,1526857753,2013,1,2133837485,minority,1526857753,minority
360940,2133837485,1912451809,2013,1,2133837485,minority,1912451809,minority
360957,2133837485,2112002542,2015,1,2133837485,minority,2112002542,minority
360964,2133837485,2133837485,2015,1,2133837485,minority,2133837485,minority
364492,2135122811,60985993,2000,2,2135122811,minority,60985993,minority
364501,2135122811,1912451809,2000,1,2135122811,minority,1912451809,minority
364504,2135122811,2041863746,2000,1,2135122811,minority,2041863746,minority
364507,2135122811,2111782228,2000,2,2135122811,minority,2111782228,minority
364512,2135122811,2135122811,2011,1,2135122811,minority,2135122811,minority
364513,2135122811,2135122811,2013,2,2135122811,minority,2135122811,minority
364518,2135122811,2172143840,2000,1,2135122811,minority,2172143840,majority
364522,2135122811,2253773494,2000,2,2135122811,minority,2253773494,majority
365392,2135405657,743873671,2015,1,2135405657,minority,743873671,majority
365397,2135405657,1912451809,2005,1,2135405657,minority,1912451809,minority
365403,2135405657,2041863746,2005,1,2135405657,minority,2041863746,minority
365426,2135405657,2135405657,2005,1,2135405657,minority,2135405657,minority
365427,2135405657,2135405657,2015,3,2135405657,minority,2135405657,minority
365429,2135405657,2140423565,2015,1,2135405657,minority,2140423565,majority
365450,2135405657,2303827610,2015,1,2135405657,minority,2303827610,majority
368351,2136331769,2136331769,2005,1,2136331769,majority,2136331769,majority
380088,2140423565,743873671,2006,1,2140423565,majority,743873671,majority
380089,2140423565,743873671,2009,1,2140423565,majority,743873671,majority
380091,2140423565,1912451809,2005,1,2140423565,majority,1912451809,minority
380097,2140423565,2041863746,2005,1,2140423565,majority,2041863746,minority
380098,2140423565,2041863746,2006,3,2140423565,majority,2041863746,minority
380102,2140423565,2071502217,2009,1,2140423565,majority,2071502217,majority
380117,2140423565,2135405657,2005,1,2140423565,majority,2135405657,minority
380118,2140423565,2135405657,2006,1,2140423565,majority,2135405657,minority
380119,2140423565,2140423565,2006,1,2140423565,majority,2140423565,majority
380120,2140423565,2140423565,2009,1,2140423565,majority,2140423565,majority
380126,2140423565,2233085770,2006,2,2140423565,majority,2233085770,minority
380128,2140423565,2303827610,2006,1,2140423565,majority,2303827610,majority
383579,2141751611,43326146,2012,2,2141751611,majority,43326146,majority
383583,2141751611,1376746005,2012,1,2141751611,majority,1376746005,majority
383585,2141751611,1912451809,2012,1,2141751611,majority,1912451809,minority
383586,2141751611,1964600927,2012,1,2141751611,majority,1964600927,majority
383594,2141751611,2102276336,2010,1,2141751611,majority,2102276336,minority
383595,2141751611,2111782228,2012,1,2141751611,majority,2111782228,minority
383596,2141751611,2120094704,2010,1,2141751611,majority,2120094704,minority
383597,2141751611,2120094704,2012,1,2141751611,majority,2120094704,minority
383601,2141751611,2141751611,2012,1,2141751611,majority,2141751611,majority
383603,2141751611,2144249687,2012,1,2141751611,majority,2144249687,majority
383608,2141751611,2156123980,2012,1,2141751611,majority,2156123980,minority
383618,2141751611,2337005930,2010,1,2141751611,majority,2337005930,minority
383619,2141751611,2337005930,2012,1,2141751611,majority,2337005930,minority
387695,2143383132,82759890,2014,1,2143383132,majority,82759890,majority
387696,2143383132,1912451809,2014,1,2143383132,majority,1912451809,minority
387700,2143383132,2102276336,2014,1,2143383132,majority,2102276336,minority
387703,2143383132,2120094704,2014,1,2143383132,majority,2120094704,minority
387706,2143383132,2146568738,2014,3,2143383132,majority,2146568738,minority
387707,2143383132,2170094633,2014,1,2143383132,majority,2170094633,minority
387711,2143383132,2337005930,2014,1,2143383132,majority,2337005930,minority
390630,2144249687,43326146,2012,2,2144249687,majority,43326146,majority
390635,2144249687,1376746005,2012,1,2144249687,majority,1376746005,majority
390636,2144249687,1912451809,2012,1,2144249687,majority,1912451809,minority
390637,2144249687,1964600927,2012,1,2144249687,majority,1964600927,majority
390644,2144249687,2111782228,2012,1,2144249687,majority,2111782228,minority
390646,2144249687,2120094704,2012,1,2144249687,majority,2120094704,minority
390649,2144249687,2141751611,2012,1,2144249687,majority,2141751611,majority
390650,2144249687,2144249687,2012,1,2144249687,majority,2144249687,majority
390654,2144249687,2156123980,2012,1,2144249687,majority,2156123980,minority
390661,2144249687,2337005930,2012,1,2144249687,majority,2337005930,minority
396444,2146207253,60985993,2017,1,2146207253,majority,60985993,minority
396447,2146207253,1912451809,2017,1,2146207253,majority,1912451809,minority
396452,2146207253,2098470719,2017,1,2146207253,majority,2098470719,minority
396453,2146207253,2102276336,2017,1,2146207253,majority,2102276336,minority
396454,2146207253,2111782228,2017,1,2146207253,majority,2111782228,minority
396458,2146207253,2156123980,2017,1,2146207253,majority,2156123980,minority
396462,2146207253,2612555596,2017,1,2146207253,majority,2612555596,minority
397072,2146454536,60985993,2008,1,2146454536,minority,60985993,minority
397076,2146454536,1912451809,2008,1,2146454536,minority,1912451809,minority
397084,2146454536,2111782228,2008,1,2146454536,minority,2111782228,minority
397398,2146568738,1591126234,2010,1,2146568738,minority,1591126234,minority
397401,2146568738,1912451809,2013,1,2146568738,minority,1912451809,minority
397402,2146568738,1916474403,2013,1,2146568738,minority,1916474403,majority
397403,2146568738,1964600927,2013,3,2146568738,minority,1964600927,majority
397412,2146568738,2102276336,2003,1,2146568738,minority,2102276336,minority
397414,2146568738,2111782228,2013,1,2146568738,minority,2111782228,minority
397415,2146568738,2117675149,2013,2,2146568738,minority,2117675149,minority
397422,2146568738,2146568738,2000,1,2146568738,minority,2146568738,minority
397423,2146568738,2146568738,2003,2,2146568738,minority,2146568738,minority
397424,2146568738,2146568738,2013,1,2146568738,minority,2146568738,minority
397425,2146568738,2156123980,2013,1,2146568738,minority,2156123980,minority
397428,2146568738,2172143840,2013,1,2146568738,minority,2172143840,majority
397429,2146568738,2182989414,2013,1,2146568738,minority,2182989414,minority
397433,2146568738,2244290615,2013,1,2146568738,minority,2244290615,minority
397434,2146568738,2253773494,2000,1,2146568738,minority,2253773494,majority
397435,2146568738,2253773494,2003,2,2146568738,minority,2253773494,majority
400488,2147255737,60985993,2005,1,2147255737,majority,60985993,minority
400489,2147255737,82759890,2010,1,2147255737,majority,82759890,majority
400492,2147255737,1591126234,2010,1,2147255737,majority,1591126234,minority
400495,2147255737,1912451809,2010,1,2147255737,majority,1912451809,minority
400498,2147255737,2041863746,2005,1,2147255737,majority,2041863746,minority
400499,2147255737,2041863746,2010,1,2147255737,majority,2041863746,minority
400501,2147255737,2102276336,2010,1,2147255737,majority,2102276336,minority
400502,2147255737,2111782228,2005,1,2147255737,majority,2111782228,minority
400503,2147255737,2111782228,2010,1,2147255737,majority,2111782228,minority
400507,2147255737,2170094633,2010,1,2147255737,majority,2170094633,minority
400508,2147255737,2235985702,2005,1,2147255737,majority,2235985702,minority
400510,2147255737,2252633060,2005,1,2147255737,majority,2252633060,majority
420185,2154062492,43326146,2010,1,2154062492,majority,43326146,majority
420235,2154062492,1591126234,2014,1,2154062492,majority,1591126234,minority
420241,2154062492,1912451809,2014,1,2154062492,majority,1912451809,minority
420291,2154062492,2041863746,2009,1,2154062492,majority,2041863746,minority
420292,2154062492,2041863746,2010,1,2154062492,majority,2041863746,minority
420293,2154062492,2041863746,2014,2,2154062492,majority,2041863746,minority
420347,2154062492,2111782228,2014,1,2154062492,majority,2111782228,minority
420381,2154062492,2141751611,2010,1,2154062492,majority,2141751611,majority
420397,2154062492,2154062492,2010,2,2154062492,majority,2154062492,majority
420398,2154062492,2154062492,2012,2,2154062492,majority,2154062492,majority
420399,2154062492,2154062492,2014,1,2154062492,majority,2154062492,majority
420415,2154062492,2172143840,2017,1,2154062492,majority,2172143840,majority
420713,2154142080,82759890,2010,1,2154142080,majority,82759890,majority
420717,2154142080,1591126234,2010,1,2154142080,majority,1591126234,minority
420718,2154142080,1912451809,2010,1,2154142080,majority,1912451809,minority
420720,2154142080,2102276336,2010,1,2154142080,majority,2102276336,minority
420723,2154142080,2111782228,2010,1,2154142080,majority,2111782228,minority
420724,2154142080,2120094704,2010,1,2154142080,majority,2120094704,minority
420725,2154142080,2122225837,2011,1,2154142080,majority,2122225837,majority
420726,2154142080,2125462828,2011,1,2154142080,majority,2125462828,majority
420727,2154142080,2147255737,2011,1,2154142080,majority,2147255737,majority
420728,2154142080,2154142080,2011,1,2154142080,majority,2154142080,majority
420729,2154142080,2168674890,2011,1,2154142080,majority,2168674890,majority
420730,2154142080,2170094633,2010,1,2154142080,majority,2170094633,minority
420732,2154142080,2337005930,2010,1,2154142080,majority,2337005930,minority
420735,2154142080,2781427284,2011,1,2154142080,majority,2781427284,majority
423937,2155057746,1912451809,2014,1,2155057746,majority,1912451809,minority
423944,2155057746,2111782228,2014,1,2155057746,majority,2111782228,minority
423946,2155057746,2133168882,2014,1,2155057746,majority,2133168882,majority
426700,2156123980,60985993,2001,1,2156123980,minority,60985993,minority
426701,2156123980,60985993,2002,1,2156123980,minority,60985993,minority
426702,2156123980,60985993,2006,1,2156123980,minority,60985993,minority
426712,2156123980,1964600927,2013,2,2156123980,minority,1964600927,majority
426717,2156123980,2042729121,2000,1,2156123980,minority,2042729121,minority
426726,2156123980,2117675149,2013,1,2156123980,minority,2117675149,minority
426727,2156123980,2120094704,2002,1,2156123980,minority,2120094704,minority
426736,2156123980,2146568738,2013,1,2156123980,minority,2146568738,minority
426738,2156123980,2156123980,2001,1,2156123980,minority,2156123980,minority
426739,2156123980,2156123980,2013,1,2156123980,minority,2156123980,minority
426746,2156123980,2182989414,2013,1,2156123980,minority,2182989414,minority
426751,2156123980,2244290615,2013,1,2156123980,minority,2244290615,minority
426752,2156123980,2252633060,2001,1,2156123980,minority,2252633060,majority
426756,2156123980,2337005930,2002,1,2156123980,minority,2337005930,minority
449471,2163996685,1912451809,2009,1,2163996685,majority,1912451809,minority
449474,2163996685,2041863746,2008,1,2163996685,majority,2041863746,minority
449477,2163996685,2111782228,2009,1,2163996685,majority,2111782228,minority
450872,2164597342,1912451809,2013,1,2164597342,majority,1912451809,minority
450873,2164597342,1916474403,2007,1,2164597342,majority,1916474403,majority
450877,2164597342,2071502217,2007,1,2164597342,majority,2071502217,majority
450880,2164597342,2112002542,2013,1,2164597342,majority,2112002542,minority
450881,2164597342,2135122811,2007,1,2164597342,majority,2135122811,minority
450883,2164597342,2172143840,2007,1,2164597342,majority,2172143840,majority
450889,2164597342,2342740520,2007,1,2164597342,majority,2342740520,minority
460349,2168005585,1912451809,2016,1,2168005585,majority,1912451809,minority
460925,2168318363,1376746005,2003,1,2168318363,majority,1376746005,majority
460927,2168318363,1912451809,2003,1,2168318363,majority,1912451809,minority
460929,2168318363,1964600927,2003,1,2168318363,majority,1964600927,majority
460930,2168318363,1989569716,2003,1,2168318363,majority,1989569716,minority
460933,2168318363,2041863746,2003,2,2168318363,majority,2041863746,minority
460944,2168318363,2168318363,2016,1,2168318363,majority,2168318363,majority
460947,2168318363,2337005930,2003,1,2168318363,majority,2337005930,minority
462038,2168674890,82759890,2010,1,2168674890,majority,82759890,majority
462040,2168674890,1591126234,2010,1,2168674890,majority,1591126234,minority
462041,2168674890,1912451809,2010,1,2168674890,majority,1912451809,minority
462042,2168674890,2041863746,2010,1,2168674890,majority,2041863746,minority
462043,2168674890,2102276336,2010,1,2168674890,majority,2102276336,minority
462044,2168674890,2111782228,2010,1,2168674890,majority,2111782228,minority
462045,2168674890,2170094633,2010,1,2168674890,majority,2170094633,minority
465684,2170094633,1964600927,2003,1,2170094633,minority,1964600927,majority
465685,2170094633,2096675187,2003,1,2170094633,minority,2096675187,minority
465686,2170094633,2111782228,2003,1,2170094633,minority,2111782228,minority
465687,2170094633,2253773494,2003,1,2170094633,minority,2253773494,majority
471659,2172143840,60985993,1996,1,2172143840,majority,60985993,minority
471667,2172143840,1591126234,2005,1,2172143840,majority,1591126234,minority
471672,2172143840,1912451809,2005,1,2172143840,majority,1912451809,minority
471673,2172143840,1916474403,2005,1,2172143840,majority,1916474403,majority
471682,2172143840,2041863746,1996,1,2172143840,majority,2041863746,minority
471683,2172143840,2071502217,2016,2,2172143840,majority,2071502217,majority
471689,2172143840,2102276336,1996,1,2172143840,majority,2102276336,minority
471690,2172143840,2111782228,1996,1,2172143840,majority,2111782228,minority
471691,2172143840,2111782228,2005,2,2172143840,majority,2111782228,minority
471692,2172143840,2111782228,2016,1,2172143840,majority,2111782228,minority
471697,2172143840,2120094704,1996,1,2172143840,majority,2120094704,minority
471712,2172143840,2172143840,1996,2,2172143840,majority,2172143840,majority
471713,2172143840,2172143840,2005,1,2172143840,majority,2172143840,majority
471714,2172143840,2172143840,2016,4,2172143840,majority,2172143840,majority
471718,2172143840,2206660394,2016,1,2172143840,majority,2206660394,majority
471722,2172143840,2235985702,1996,1,2172143840,majority,2235985702,minority
471724,2172143840,2252633060,1996,1,2172143840,majority,2252633060,majority
471727,2172143840,2337005930,2005,1,2172143840,majority,2337005930,minority
474793,2176263274,60985993,2008,1,2176263274,majority,60985993,minority
474795,2176263274,1912451809,2008,1,2176263274,majority,1912451809,minority
474798,2176263274,2111782228,2008,1,2176263274,majority,2111782228,minority
474860,2176449082,1526857753,2015,1,2176449082,minority,1526857753,minority
474861,2176449082,1912451809,2015,1,2176449082,minority,1912451809,minority
474863,2176449082,2117040204,2015,1,2176449082,minority,2117040204,minority
475522,2178916044,2122225837,2013,1,2178916044,majority,2122225837,majority
475525,2178916044,2154142080,2013,1,2178916044,majority,2154142080,majority
475527,2178916044,2235985702,2013,1,2178916044,majority,2235985702,minority
475528,2178916044,2781427284,2013,1,2178916044,majority,2781427284,majority
477305,2182989414,1912451809,2013,1,2182989414,minority,1912451809,minority
477306,2182989414,1916474403,2013,1,2182989414,minority,1916474403,majority
477307,2182989414,1964600927,2013,1,2182989414,minority,1964600927,majority
477309,2182989414,2111782228,2013,1,2182989414,minority,2111782228,minority
477310,2182989414,2117675149,2013,1,2182989414,minority,2117675149,minority
477314,2182989414,2172143840,2013,1,2182989414,minority,2172143840,majority
482854,2193251817,1912451809,2006,1,2193251817,majority,1912451809,minority
482872,2193251817,2017538498,2006,1,2193251817,majority,2017538498,minority
482875,2193251817,2041863746,2005,1,2193251817,majority,2041863746,minority
482876,2193251817,2041863746,2013,1,2193251817,majority,2041863746,minority
482899,2193251817,2111782228,2006,2,2193251817,majority,2111782228,minority
482950,2193251817,2172143840,2006,1,2193251817,majority,2172143840,majority
482954,2193251817,2193251817,2008,1,2193251817,majority,2193251817,majority
487649,2199775240,1526857753,2017,1,2199775240,majority,1526857753,minority
487652,2199775240,1912451809,2017,1,2199775240,majority,1912451809,minority
487653,2199775240,2042729121,2017,1,2199775240,majority,2042729121,minority
488217,2201234509,1912451809,2018,1,2201234509,majority,1912451809,minority
488221,2201234509,1964600927,2018,1,2201234509,majority,1964600927,majority
488249,2201234509,2111782228,2018,1,2201234509,majority,2111782228,minority
488274,2201234509,2156123980,2018,1,2201234509,majority,2156123980,minority
490739,2206660394,664354634,2012,1,2206660394,majority,664354634,majority
490742,2206660394,1912451809,2009,1,2206660394,majority,1912451809,minority
490748,2206660394,2017538498,2009,1,2206660394,majority,2017538498,minority
490752,2206660394,2071502217,2016,1,2206660394,majority,2071502217,majority
490762,2206660394,2111782228,2009,2,2206660394,majority,2111782228,minority
490767,2206660394,2135122811,2009,1,2206660394,majority,2135122811,minority
490773,2206660394,2172143840,2012,1,2206660394,majority,2172143840,majority
490774,2206660394,2172143840,2016,1,2206660394,majority,2172143840,majority
490777,2206660394,2206660394,2012,3,2206660394,majority,2206660394,majority
490781,2206660394,2342740520,2009,1,2206660394,majority,2342740520,minority
490933,2207290471,1259714325,2014,1,2207290471,majority,1259714325,majority
490935,2207290471,1912451809,2014,1,2207290471,majority,1912451809,minority
490944,2207290471,2111782228,2014,1,2207290471,majority,2111782228,minority
490960,2207290471,2207290471,2004,1,2207290471,majority,2207290471,majority
490961,2207290471,2207290471,2007,1,2207290471,majority,2207290471,majority
494172,2213986484,60985993,2015,5,2213986484,minority,60985993,minority
494176,2213986484,1376746005,2015,2,2213986484,minority,1376746005,majority
494179,2213986484,1912451809,2015,1,2213986484,minority,1912451809,minority
494181,2213986484,1989569716,2015,1,2213986484,minority,1989569716,minority
494183,2213986484,2017538498,2015,1,2213986484,minority,2017538498,minority
494185,2213986484,2041863746,2015,1,2213986484,minority,2041863746,minority
494186,2213986484,2042729121,2015,1,2213986484,minority,2042729121,minority
494192,2213986484,2102276336,2015,1,2213986484,minority,2102276336,minority
494194,2213986484,2111782228,2015,1,2213986484,minority,2111782228,minority
494199,2213986484,2135122811,2015,1,2213986484,minority,2135122811,minority
494206,2213986484,2253773494,2015,1,2213986484,minority,2253773494,majority
494211,2213986484,2342740520,2015,1,2213986484,minority,2342740520,minority
494212,2213986484,2413770250,2015,1,2213986484,minority,2413770250,majority
495687,2219522819,1912451809,2015,1,2219522819,majority,1912451809,minority
495689,2219522819,2111782228,2015,1,2219522819,majority,2111782228,minority
507008,2235985702,1912451809,2006,1,2235985702,minority,1912451809,minority
507010,2235985702,2042729121,2006,1,2235985702,minority,2042729121,minority
507013,2235985702,2111782228,2006,2,2235985702,minority,2111782228,minority
507085,2236119742,1912451809,2011,1,2236119742,majority,1912451809,minority
507088,2236119742,2111782228,2011,1,2236119742,majority,2111782228,minority
507094,2236119742,2233085770,2010,1,2236119742,majority,2233085770,minority
512823,2244290615,1912451809,2013,1,2244290615,minority,1912451809,minority
512824,2244290615,1916474403,2013,1,2244290615,minority,1916474403,majority
512825,2244290615,1964600927,2013,3,2244290615,minority,1964600927,majority
512829,2244290615,2111782228,2013,1,2244290615,minority,2111782228,minority
512830,2244290615,2117675149,2013,2,2244290615,minority,2117675149,minority
512833,2244290615,2146568738,2013,1,2244290615,minority,2146568738,minority
512834,2244290615,2156123980,2013,1,2244290615,minority,2156123980,minority
512836,2244290615,2172143840,2013,1,2244290615,minority,2172143840,majority
512837,2244290615,2182989414,2013,1,2244290615,minority,2182989414,minority
512839,2244290615,2244290615,2013,1,2244290615,minority,2244290615,minority
517695,2252633060,2041863746,2001,1,2252633060,majority,2041863746,minority
517700,2252633060,2121884963,2001,1,2252633060,majority,2121884963,majority
518209,2253773494,60985993,2016,1,2253773494,majority,60985993,minority
518212,2253773494,1964600927,2016,1,2253773494,majority,1964600927,majority
518214,2253773494,2042729121,2016,1,2253773494,majority,2042729121,minority
518215,2253773494,2102276336,2016,1,2253773494,majority,2102276336,minority
518226,2253773494,2253773494,2016,1,2253773494,majority,2253773494,majority
518232,2253773494,2337005930,1998,1,2253773494,majority,2337005930,minority
525490,2267615803,1912451809,2018,1,2267615803,majority,1912451809,minority
525491,2267615803,1916474403,2018,1,2267615803,majority,1916474403,majority
525494,2267615803,2071502217,2018,1,2267615803,majority,2071502217,majority
525495,2267615803,2111782228,2018,1,2267615803,majority,2111782228,minority
525499,2267615803,2172143840,2018,1,2267615803,majority,2172143840,majority
550203,2303827610,743873671,2006,1,2303827610,majority,743873671,majority
550205,2303827610,1912451809,2005,1,2303827610,majority,1912451809,minority
550211,2303827610,2041863746,2005,1,2303827610,majority,2041863746,minority
550212,2303827610,2041863746,2006,3,2303827610,majority,2041863746,minority
550229,2303827610,2135405657,2005,1,2303827610,majority,2135405657,minority
550230,2303827610,2135405657,2006,1,2303827610,majority,2135405657,minority
550231,2303827610,2140423565,2006,1,2303827610,majority,2140423565,majority
550235,2303827610,2233085770,2006,2,2303827610,majority,2233085770,minority
550237,2303827610,2303827610,2006,1,2303827610,majority,2303827610,majority
551422,2304623475,1376746005,2003,1,2304623475,majority,1376746005,majority
551424,2304623475,1912451809,2003,1,2304623475,majority,1912451809,minority
551427,2304623475,1964600927,2003,1,2304623475,majority,1964600927,majority
551429,2304623475,1989569716,2003,1,2304623475,majority,1989569716,minority
551436,2304623475,2041863746,2003,2,2304623475,majority,2041863746,minority
551466,2304623475,2304623475,2016,1,2304623475,majority,2304623475,majority
551468,2304623475,2337005930,2003,1,2304623475,majority,2337005930,minority
563763,2316625252,1912451809,2019,1,2316625252,minority,1912451809,minority
563766,2316625252,2071502217,2019,1,2316625252,minority,2071502217,majority
563769,2316625252,2111782228,2019,1,2316625252,minority,2111782228,minority
563770,2316625252,2112002542,2019,1,2316625252,minority,2112002542,minority
563771,2316625252,2115006184,2019,1,2316625252,minority,2115006184,majority
563775,2316625252,2156123980,2019,1,2316625252,minority,2156123980,minority
563777,2316625252,2172143840,2019,3,2316625252,minority,2172143840,majority
563780,2316625252,2206660394,2019,1,2316625252,minority,2206660394,majority
563781,2316625252,2267615803,2019,1,2316625252,minority,2267615803,majority
570312,2336393156,1912451809,2013,1,2336393156,majority,1912451809,minority
570313,2336393156,2105370378,2013,2,2336393156,majority,2105370378,majority
570314,2336393156,2111782228,2013,1,2336393156,majority,2111782228,minority
570315,2336393156,2120094704,2013,1,2336393156,majority,2120094704,minority
570319,2336393156,2337005930,2013,1,2336393156,majority,2337005930,minority
574210,2342740520,60985993,2000,2,2342740520,minority,60985993,minority
574213,2342740520,1912451809,2000,1,2342740520,minority,1912451809,minority
574215,2342740520,2041863746,2000,1,2342740520,minority,2041863746,minority
574217,2342740520,2111782228,2000,2,2342740520,minority,2111782228,minority
574222,2342740520,2172143840,2000,1,2342740520,minority,2172143840,majority
574225,2342740520,2253773494,2000,2,2342740520,minority,2253773494,majority
583293,2413770250,60985993,2012,1,2413770250,majority,60985993,minority
583294,2413770250,60985993,2017,1,2413770250,majority,60985993,minority
583299,2413770250,1526857753,2017,1,2413770250,majority,1526857753,minority
583302,2413770250,1839883304,2017,1,2413770250,majority,1839883304,minority
583303,2413770250,1912451809,2017,1,2413770250,majority,1912451809,minority
583309,2413770250,2041863746,2012,1,2413770250,majority,2041863746,minority
583310,2413770250,2042729121,2017,1,2413770250,majority,2042729121,minority
583313,2413770250,2117040204,2017,1,2413770250,majority,2117040204,minority
583316,2413770250,2156123980,2012,1,2413770250,majority,2156123980,minority
583319,2413770250,2172143840,2015,1,2413770250,majority,2172143840,majority
583323,2413770250,2199775240,2017,1,2413770250,majority,2199775240,majority
583335,2413770250,2413770250,2015,1,2413770250,majority,2413770250,majority
583336,2413770250,2413770250,2017,1,2413770250,majority,2413770250,majority
583845,2419756848,196730593,2009,1,2419756848,majority,196730593,majority
583849,2419756848,1912451809,2009,1,2419756848,majority,1912451809,minority
583859,2419756848,2041863746,2009,5,2419756848,majority,2041863746,minority
583894,2419756848,2419756848,2009,1,2419756848,majority,2419756848,majority
597694,2468683887,1912451809,2009,1,2468683887,majority,1912451809,minority
597704,2468683887,2111782228,2009,1,2468683887,majority,2111782228,minority
597711,2468683887,2128109504,2012,5,2468683887,majority,2128109504,majority
597712,2468683887,2128109504,2014,1,2468683887,majority,2128109504,majority
597715,2468683887,2163996685,2012,1,2468683887,majority,2163996685,majority
597724,2468683887,2468683887,2012,2,2468683887,majority,2468683887,majority
606480,2490422738,60985993,2011,1,2490422738,majority,60985993,minority
606481,2490422738,1912451809,2011,1,2490422738,majority,1912451809,minority
612898,2503795677,82759890,2011,1,2503795677,minority,82759890,majority
612900,2503795677,1912451809,2003,1,2503795677,minority,1912451809,minority
612901,2503795677,2041863746,2011,2,2503795677,minority,2041863746,minority
612903,2503795677,2102276336,2011,3,2503795677,minority,2102276336,minority
612904,2503795677,2111782228,2003,1,2503795677,minority,2111782228,minority
612908,2503795677,2170094633,2011,1,2503795677,minority,2170094633,minority
612911,2503795677,2337005930,2011,1,2503795677,minority,2337005930,minority
612912,2503795677,2503795677,2003,1,2503795677,minority,2503795677,minority
615452,2509586488,1912451809,2012,1,2509586488,majority,1912451809,minority
615456,2509586488,2111782228,2012,1,2509586488,majority,2111782228,minority
615465,2509586488,2509586488,2013,3,2509586488,majority,2509586488,majority
617495,2514035472,1912451809,2016,1,2514035472,majority,1912451809,minority
617498,2514035472,2111782228,2016,1,2514035472,majority,2111782228,minority
617501,2514035472,2172143840,2016,1,2514035472,majority,2172143840,majority
626437,2547927685,1591126234,2019,1,2547927685,majority,1591126234,minority
626438,2547927685,1912451809,2019,1,2547927685,majority,1912451809,minority
626439,2547927685,2071502217,2019,1,2547927685,majority,2071502217,majority
626441,2547927685,2111782228,2019,1,2547927685,majority,2111782228,minority
626445,2547927685,2172143840,2019,1,2547927685,majority,2172143840,majority
630415,2557949081,2122225837,2013,1,2557949081,majority,2122225837,majority
630418,2557949081,2154142080,2013,1,2557949081,majority,2154142080,majority
630420,2557949081,2235985702,2013,1,2557949081,majority,2235985702,minority
630421,2557949081,2781427284,2013,1,2557949081,majority,2781427284,majority
639093,2571456787,1912451809,2019,1,2571456787,majority,1912451809,minority
639094,2571456787,1964600927,2007,1,2571456787,majority,1964600927,majority
639099,2571456787,2042729121,2007,1,2571456787,majority,2042729121,minority
639103,2571456787,2071502217,2019,1,2571456787,majority,2071502217,majority
639110,2571456787,2111782228,2019,1,2571456787,majority,2111782228,minority
639111,2571456787,2112002542,2019,1,2571456787,majority,2112002542,minority
639113,2571456787,2115006184,2019,1,2571456787,majority,2115006184,majority
639118,2571456787,2135122811,2007,1,2571456787,majority,2135122811,minority
639122,2571456787,2156123980,2007,1,2571456787,majority,2156123980,minority
639123,2571456787,2156123980,2019,1,2571456787,majority,2156123980,minority
639128,2571456787,2172143840,2019,3,2571456787,majority,2172143840,majority
639133,2571456787,2206660394,2019,1,2571456787,majority,2206660394,majority
639137,2571456787,2267615803,2019,1,2571456787,majority,2267615803,majority
639141,2571456787,2342740520,2007,1,2571456787,majority,2342740520,minority
639147,2571456787,2571456787,2002,1,2571456787,majority,2571456787,majority
645594,2581970908,1591126234,2014,1,2581970908,majority,1591126234,minority
645598,2581970908,1912451809,2014,1,2581970908,majority,1912451809,minority
645611,2581970908,2041863746,2015,1,2581970908,majority,2041863746,minority
645621,2581970908,2102276336,2016,1,2581970908,majority,2102276336,minority
645626,2581970908,2111782228,2014,1,2581970908,majority,2111782228,minority
645647,2581970908,2154062492,2012,2,2581970908,majority,2154062492,majority
645648,2581970908,2154062492,2016,1,2581970908,majority,2154062492,majority
645685,2581970908,2581970908,2016,1,2581970908,majority,2581970908,majority
648705,2586504754,60985993,2005,1,2586504754,majority,60985993,minority
648706,2586504754,60985993,2010,1,2586504754,majority,60985993,minority
648712,2586504754,1912451809,2005,1,2586504754,majority,1912451809,minority
648713,2586504754,1916474403,2005,1,2586504754,majority,1916474403,majority
648714,2586504754,2041863746,2005,1,2586504754,majority,2041863746,minority
648722,2586504754,2111782228,2005,3,2586504754,majority,2111782228,minority
648723,2586504754,2112002542,2005,1,2586504754,majority,2112002542,minority
648729,2586504754,2121884963,2005,1,2586504754,majority,2121884963,majority
648736,2586504754,2235985702,2005,1,2586504754,majority,2235985702,minority
648738,2586504754,2252633060,2005,2,2586504754,majority,2252633060,majority
648742,2586504754,2337005930,2005,1,2586504754,majority,2337005930,minority
648743,2586504754,2337005930,2010,1,2586504754,majority,2337005930,minority
649267,2588161151,1376746005,2018,1,2588161151,majority,1376746005,majority
649274,2588161151,1912451809,2017,1,2588161151,majority,1912451809,minority
649278,2588161151,1989569716,2018,1,2588161151,majority,1989569716,minority
649292,2588161151,2111782228,2017,1,2588161151,majority,2111782228,minority
651403,2592011874,1912451809,2016,1,2592011874,majority,1912451809,minority
651406,2592011874,2111782228,2016,1,2592011874,majority,2111782228,minority
651409,2592011874,2172143840,2016,1,2592011874,majority,2172143840,majority
652980,2597728224,1912451809,2013,1,2597728224,majority,1912451809,minority
652989,2597728224,2111782228,2013,1,2597728224,majority,2111782228,minority
653014,2597728224,2597728224,2009,1,2597728224,majority,2597728224,majority
653015,2597728224,2597728224,2016,1,2597728224,majority,2597728224,majority
653016,2597728224,2597728224,2017,1,2597728224,majority,2597728224,majority
653018,2597728224,2799222587,2016,1,2597728224,majority,2799222587,minority
656409,2601494392,1912451809,2016,1,2601494392,majority,1912451809,minority
656412,2601494392,2111782228,2016,1,2601494392,majority,2111782228,minority
656415,2601494392,2172143840,2016,1,2601494392,majority,2172143840,majority
656749,2601925519,1912451809,2014,1,2601925519,majority,1912451809,minority
656753,2601925519,2111782228,2014,1,2601925519,majority,2111782228,minority
658363,2603266298,1912451809,2016,1,2603266298,majority,1912451809,minority
658366,2603266298,2111782228,2016,1,2603266298,majority,2111782228,minority
658369,2603266298,2172143840,2016,1,2603266298,majority,2172143840,majority
662888,2612555596,60985993,2014,1,2612555596,minority,60985993,minority
662892,2612555596,1912451809,2014,2,2612555596,minority,1912451809,minority
662897,2612555596,2041863746,2014,4,2612555596,minority,2041863746,minority
662899,2612555596,2102276336,2014,1,2612555596,minority,2102276336,minority
662900,2612555596,2111782228,2014,1,2612555596,minority,2111782228,minority
662905,2612555596,2146568738,2014,1,2612555596,minority,2146568738,minority
662909,2612555596,2156123980,2014,1,2612555596,minority,2156123980,minority
668068,2621720624,1912451809,2016,1,2621720624,minority,1912451809,minority
668071,2621720624,2111782228,2016,1,2621720624,minority,2111782228,minority
668074,2621720624,2172143840,2016,1,2621720624,minority,2172143840,majority
671946,2631142876,1912451809,2013,1,2631142876,majority,1912451809,minority
671948,2631142876,2111782228,2013,1,2631142876,majority,2111782228,minority
671950,2631142876,2253773494,2013,1,2631142876,majority,2253773494,majority
681718,2652648597,1912451809,2015,1,2652648597,minority,1912451809,minority
681722,2652648597,2111782228,2015,1,2652648597,minority,2111782228,minority
681730,2652648597,2652648597,2016,1,2652648597,minority,2652648597,minority
698060,2703581392,1912451809,2016,1,2703581392,majority,1912451809,minority
698063,2703581392,2111782228,2016,1,2703581392,majority,2111782228,minority
698066,2703581392,2172143840,2016,1,2703581392,majority,2172143840,majority
708239,2736432802,60985993,2017,1,2736432802,majority,60985993,minority
708242,2736432802,1912451809,2017,1,2736432802,majority,1912451809,minority
708247,2736432802,2098470719,2017,1,2736432802,majority,2098470719,minority
708248,2736432802,2102276336,2017,1,2736432802,majority,2102276336,minority
708249,2736432802,2111782228,2017,1,2736432802,majority,2111782228,minority
708253,2736432802,2156123980,2017,1,2736432802,majority,2156123980,minority
708257,2736432802,2612555596,2017,1,2736432802,majority,2612555596,minority
716198,2766019381,1912451809,2013,1,2766019381,majority,1912451809,minority
716200,2766019381,2111782228,2013,1,2766019381,majority,2111782228,minority
716203,2766019381,2253773494,2013,1,2766019381,majority,2253773494,majority
716204,2766019381,2253773494,2016,1,2766019381,majority,2253773494,majority
716209,2766019381,2631142876,2016,1,2766019381,majority,2631142876,majority
716210,2766019381,2766019381,2016,1,2766019381,majority,2766019381,majority
720384,2781427284,82759890,2010,1,2781427284,majority,82759890,majority
720388,2781427284,1591126234,2010,1,2781427284,majority,1591126234,minority
720389,2781427284,1912451809,2010,1,2781427284,majority,1912451809,minority
720391,2781427284,2102276336,2010,1,2781427284,majority,2102276336,minority
720394,2781427284,2111782228,2010,1,2781427284,majority,2111782228,minority
720395,2781427284,2120094704,2010,1,2781427284,majority,2120094704,minority
720396,2781427284,2122225837,2011,1,2781427284,majority,2122225837,majority
720397,2781427284,2125462828,2011,1,2781427284,majority,2125462828,majority
720398,2781427284,2147255737,2011,1,2781427284,majority,2147255737,majority
720399,2781427284,2154142080,2011,1,2781427284,majority,2154142080,majority
720400,2781427284,2168674890,2011,1,2781427284,majority,2168674890,majority
720401,2781427284,2170094633,2010,1,2781427284,majority,2170094633,minority
720403,2781427284,2337005930,2010,1,2781427284,majority,2337005930,minority
720406,2781427284,2781427284,2011,1,2781427284,majority,2781427284,majority
725441,2799222587,1912451809,2013,1,2799222587,minority,1912451809,minority
725443,2799222587,2111782228,2013,1,2799222587,minority,2111782228,minority
728824,2872500995,60985993,2007,1,2872500995,majority,60985993,minority
728828,2872500995,1912451809,2007,1,2872500995,majority,1912451809,minority
728829,2872500995,1916474403,2007,1,2872500995,majority,1916474403,majority
728834,2872500995,2111782228,2007,2,2872500995,majority,2111782228,minority
728838,2872500995,2172143840,2007,1,2872500995,majority,2172143840,majority
737776,2943977775,1912451809,2019,1,2943977775,majority,1912451809,minority
741772,2971576562,1912451809,2019,1,2971576562,majority,1912451809,minority
742400,2974559580,1912451809,2018,1,2974559580,majority,1912451809,minority
742402,2974559580,2111782228,2018,2,2974559580,majority,2111782228,minority
742405,2974559580,2120094704,2018,1,2974559580,majority,2120094704,minority
742408,2974559580,2337005930,2018,1,2974559580,majority,2337005930,minority
746555,2998224698,1912451809,2018,1,2998224698,majority,1912451809,minority
746557,2998224698,2111782228,2018,2,2998224698,majority,2111782228,minority
746560,2998224698,2120094704,2018,1,2998224698,majority,2120094704,minority
746563,2998224698,2337005930,2018,1,2998224698,majority,2337005930,minority
